force,displacement,judge,name
-0.1,0,0,Gateron X
-0.1,0,0,Gateron X
0,0,0,Gateron X
0,0,0,Gateron X
0,0,0,Gateron X
-0.1,0,0,Gateron X
0,0,0,Gateron X
-0.2,0,0,Gateron X
0.1,0,0,Gateron X
0,0,0,Gateron X
-0.2,0,0,Gateron X
0,0,0,Gateron X
0,0,0,Gateron X
-0.1,0,0,Gateron X
-0.3,0,0,Gateron X
-0.1,0,0,Gateron X
0,0,0,Gateron X
0.1,0,0,Gateron X
-0.2,0,0,Gateron X
-0.1,0,0,Gateron X
-0.1,0,0,Gateron X
0,0.005,0,Gateron X
-0.1,0.005,0,Gateron X
0,0.005,0,Gateron X
-0.1,0.005,0,Gateron X
0,0.01,0,Gateron X
-0.1,0.015,0,Gateron X
-0.1,0.015,0,Gateron X
0,0.02,0,Gateron X
0,0.03,0,Gateron X
0,0.035,0,Gateron X
-0.1,0.045,0,Gateron X
-0.1,0.05,0,Gateron X
-0.1,0.06,0,Gateron X
-0.1,0.065,0,Gateron X
0,0.07,0,Gateron X
-0.1,0.075,0,Gateron X
0,0.08,0,Gateron X
-0.1,0.085,0,Gateron X
-0.1,0.09,0,Gateron X
0,0.09,0,Gateron X
0,0.095,0,Gateron X
-0.1,0.1,0,Gateron X
-0.2,0.105,0,Gateron X
-0.2,0.11,0,Gateron X
0,0.12,0,Gateron X
0.1,0.125,0,Gateron X
0,0.13,0,Gateron X
-0.2,0.135,0,Gateron X
0,0.145,0,Gateron X
0,0.15,0,Gateron X
0,0.155,0,Gateron X
-0.2,0.16,0,Gateron X
-0.1,0.165,0,Gateron X
0,0.17,0,Gateron X
0.1,0.175,0,Gateron X
-0.1,0.18,0,Gateron X
-0.1,0.185,0,Gateron X
0,0.19,0,Gateron X
-0.2,0.195,0,Gateron X
-0.1,0.2,0,Gateron X
0.1,0.205,0,Gateron X
0,0.21,0,Gateron X
-0.2,0.215,0,Gateron X
-0.3,0.22,0,Gateron X
0,0.225,0,Gateron X
0.1,0.235,0,Gateron X
-0.1,0.24,0,Gateron X
-0.1,0.245,0,Gateron X
0,0.25,0,Gateron X
0,0.255,0,Gateron X
0.6,0.26,0,Gateron X
4.1,0.265,0,Gateron X
9.2,0.275,0,Gateron X
15.2,0.28,0,Gateron X
20.2,0.29,0,Gateron X
24.1,0.295,0,Gateron X
27.3,0.295,0,Gateron X
30.9,0.3,0,Gateron X
34.5,0.31,0,Gateron X
37.8,0.31,0,Gateron X
40,0.315,0,Gateron X
40.7,0.32,0,Gateron X
41.7,0.325,0,Gateron X
42,0.33,0,Gateron X
41.4,0.33,0,Gateron X
41.5,0.335,0,Gateron X
41.3,0.335,0,Gateron X
41.2,0.34,0,Gateron X
41.2,0.345,0,Gateron X
41.2,0.345,0,Gateron X
41.1,0.35,0,Gateron X
41.1,0.35,0,Gateron X
41.1,0.355,0,Gateron X
41,0.355,0,Gateron X
41.1,0.36,0,Gateron X
41.1,0.36,0,Gateron X
41,0.365,0,Gateron X
40.9,0.37,0,Gateron X
40.8,0.375,0,Gateron X
40.8,0.375,0,Gateron X
40.7,0.38,0,Gateron X
40.8,0.38,0,Gateron X
40.7,0.385,0,Gateron X
40.8,0.385,0,Gateron X
40.6,0.39,0,Gateron X
40.7,0.395,0,Gateron X
40.7,0.395,0,Gateron X
40.7,0.4,0,Gateron X
40.6,0.4,0,Gateron X
40.6,0.405,0,Gateron X
40.7,0.41,0,Gateron X
40.8,0.41,0,Gateron X
40.7,0.415,0,Gateron X
40.7,0.42,0,Gateron X
40.8,0.425,0,Gateron X
40.7,0.425,0,Gateron X
40.6,0.43,0,Gateron X
40.7,0.435,0,Gateron X
40.7,0.44,0,Gateron X
40.6,0.445,0,Gateron X
40.2,0.45,0,Gateron X
40.2,0.455,0,Gateron X
40.2,0.46,0,Gateron X
40.3,0.465,0,Gateron X
40.3,0.475,0,Gateron X
40.3,0.48,0,Gateron X
40.3,0.485,0,Gateron X
40.5,0.49,0,Gateron X
40.7,0.495,0,Gateron X
40.7,0.5,0,Gateron X
40.6,0.505,0,Gateron X
40.5,0.51,0,Gateron X
40.6,0.515,0,Gateron X
40.6,0.52,0,Gateron X
40.6,0.525,0,Gateron X
40.6,0.53,0,Gateron X
40.7,0.535,0,Gateron X
40.8,0.535,0,Gateron X
40.7,0.54,0,Gateron X
40.7,0.545,0,Gateron X
40.7,0.55,0,Gateron X
40.6,0.55,0,Gateron X
40.7,0.555,0,Gateron X
40.8,0.56,0,Gateron X
40.7,0.565,0,Gateron X
40.7,0.57,0,Gateron X
40.7,0.575,0,Gateron X
40.8,0.575,0,Gateron X
40.7,0.58,0,Gateron X
40.7,0.585,0,Gateron X
40.8,0.59,0,Gateron X
40.9,0.59,0,Gateron X
40.9,0.595,0,Gateron X
41.1,0.6,0,Gateron X
41.1,0.605,0,Gateron X
41,0.605,0,Gateron X
41,0.61,0,Gateron X
41.1,0.615,0,Gateron X
41.1,0.62,0,Gateron X
41.1,0.625,0,Gateron X
41.1,0.63,0,Gateron X
41.1,0.635,0,Gateron X
41.2,0.635,0,Gateron X
41.3,0.64,0,Gateron X
41.3,0.645,0,Gateron X
41.2,0.65,0,Gateron X
41.2,0.655,0,Gateron X
41.3,0.66,0,Gateron X
41.3,0.665,0,Gateron X
41.3,0.67,0,Gateron X
41.1,0.675,0,Gateron X
41.3,0.68,0,Gateron X
41.3,0.685,0,Gateron X
41.5,0.69,0,Gateron X
41.3,0.695,0,Gateron X
41.5,0.7,0,Gateron X
41.6,0.705,0,Gateron X
41.6,0.71,0,Gateron X
41.7,0.715,0,Gateron X
41.7,0.72,0,Gateron X
41.8,0.72,0,Gateron X
41.8,0.725,0,Gateron X
41.7,0.73,0,Gateron X
41.8,0.735,0,Gateron X
41.8,0.735,0,Gateron X
42,0.74,0,Gateron X
41.9,0.745,0,Gateron X
41.9,0.75,0,Gateron X
42,0.755,0,Gateron X
41.9,0.76,0,Gateron X
41.8,0.765,0,Gateron X
41.9,0.77,0,Gateron X
41.7,0.775,0,Gateron X
41.9,0.775,0,Gateron X
42,0.78,0,Gateron X
42.1,0.785,0,Gateron X
42.1,0.79,0,Gateron X
42.1,0.79,0,Gateron X
42.1,0.795,0,Gateron X
42.2,0.8,0,Gateron X
42.2,0.805,0,Gateron X
42,0.805,0,Gateron X
42.1,0.81,0,Gateron X
42.2,0.815,0,Gateron X
42.2,0.815,0,Gateron X
42.3,0.82,0,Gateron X
42.3,0.82,0,Gateron X
42.2,0.825,0,Gateron X
42.1,0.83,0,Gateron X
42.3,0.83,0,Gateron X
42.3,0.835,0,Gateron X
42.2,0.835,0,Gateron X
42.4,0.84,0,Gateron X
42.4,0.845,0,Gateron X
42.4,0.845,0,Gateron X
42.4,0.85,0,Gateron X
42.5,0.855,0,Gateron X
42.3,0.855,0,Gateron X
42.3,0.86,0,Gateron X
42.3,0.865,0,Gateron X
42.4,0.865,0,Gateron X
42.6,0.87,0,Gateron X
42.4,0.875,0,Gateron X
42.5,0.875,0,Gateron X
42.6,0.88,0,Gateron X
42.6,0.88,0,Gateron X
42.5,0.885,0,Gateron X
42.6,0.89,0,Gateron X
42.7,0.89,0,Gateron X
42.7,0.895,0,Gateron X
42.8,0.895,0,Gateron X
42.8,0.9,0,Gateron X
42.8,0.905,0,Gateron X
42.7,0.905,0,Gateron X
42.7,0.91,0,Gateron X
42.8,0.915,0,Gateron X
42.8,0.92,0,Gateron X
42.7,0.92,0,Gateron X
42.7,0.925,0,Gateron X
42.8,0.925,0,Gateron X
42.9,0.93,0,Gateron X
42.9,0.93,0,Gateron X
42.8,0.935,0,Gateron X
42.8,0.94,0,Gateron X
42.8,0.94,0,Gateron X
43,0.945,0,Gateron X
43,0.95,0,Gateron X
43.1,0.95,0,Gateron X
43,0.955,0,Gateron X
43,0.955,0,Gateron X
43,0.96,0,Gateron X
43,0.96,0,Gateron X
43.1,0.965,0,Gateron X
43.1,0.965,0,Gateron X
43.2,0.97,0,Gateron X
43.2,0.975,0,Gateron X
43.1,0.975,0,Gateron X
43.2,0.98,0,Gateron X
43.2,0.98,0,Gateron X
43.3,0.98,0,Gateron X
43.4,0.985,0,Gateron X
43.5,0.985,0,Gateron X
43.4,0.99,0,Gateron X
43.5,0.995,0,Gateron X
43.4,0.995,0,Gateron X
43.5,1,0,Gateron X
43.2,1,0,Gateron X
43.4,1.005,0,Gateron X
43.4,1.01,0,Gateron X
43.4,1.01,0,Gateron X
43.4,1.015,0,Gateron X
43.5,1.02,0,Gateron X
43.5,1.02,0,Gateron X
43.5,1.025,0,Gateron X
43.6,1.03,0,Gateron X
43.5,1.03,0,Gateron X
43.2,1.03,0,Gateron X
43,1.03,0,Gateron X
43.2,1.03,0,Gateron X
43.9,1.035,0,Gateron X
44.2,1.035,0,Gateron X
44,1.035,0,Gateron X
44,1.04,0,Gateron X
43.8,1.045,0,Gateron X
43.7,1.045,0,Gateron X
43.8,1.045,0,Gateron X
43.8,1.05,0,Gateron X
43.9,1.05,0,Gateron X
44,1.05,0,Gateron X
43.9,1.055,0,Gateron X
44,1.055,0,Gateron X
43.8,1.06,0,Gateron X
43.7,1.065,0,Gateron X
43.7,1.07,0,Gateron X
43.7,1.075,0,Gateron X
43.7,1.075,0,Gateron X
43.6,1.08,0,Gateron X
43.7,1.085,0,Gateron X
43.6,1.085,0,Gateron X
43.7,1.09,0,Gateron X
43.8,1.095,0,Gateron X
43.8,1.095,0,Gateron X
43.9,1.1,0,Gateron X
44,1.105,0,Gateron X
43.9,1.11,0,Gateron X
44,1.11,0,Gateron X
44.1,1.115,0,Gateron X
44,1.12,0,Gateron X
44,1.12,0,Gateron X
44.1,1.125,0,Gateron X
44.1,1.13,0,Gateron X
44.1,1.135,0,Gateron X
44.1,1.145,0,Gateron X
44.1,1.15,0,Gateron X
44.1,1.155,0,Gateron X
44.3,1.16,0,Gateron X
44.4,1.165,0,Gateron X
44.3,1.17,0,Gateron X
44.5,1.175,0,Gateron X
44.5,1.18,0,Gateron X
44.5,1.185,0,Gateron X
44.5,1.19,0,Gateron X
44.6,1.195,0,Gateron X
44.6,1.195,0,Gateron X
44.7,1.2,0,Gateron X
44.8,1.205,0,Gateron X
44.8,1.21,0,Gateron X
44.8,1.215,0,Gateron X
44.9,1.215,0,Gateron X
44.9,1.22,0,Gateron X
45,1.225,0,Gateron X
44.9,1.225,0,Gateron X
45,1.23,0,Gateron X
45,1.23,0,Gateron X
45,1.235,0,Gateron X
45,1.24,0,Gateron X
45.2,1.24,0,Gateron X
45.2,1.245,0,Gateron X
45.2,1.25,0,Gateron X
45,1.255,0,Gateron X
45.1,1.255,0,Gateron X
45.2,1.26,0,Gateron X
45.3,1.26,0,Gateron X
45.1,1.265,0,Gateron X
45.2,1.265,0,Gateron X
45.3,1.27,0,Gateron X
45.2,1.27,0,Gateron X
45.3,1.275,0,Gateron X
45.3,1.275,0,Gateron X
45.5,1.275,0,Gateron X
45.5,1.28,0,Gateron X
45.5,1.28,0,Gateron X
45.5,1.285,0,Gateron X
45.5,1.285,0,Gateron X
45.5,1.29,0,Gateron X
45.5,1.29,0,Gateron X
45.6,1.29,0,Gateron X
45.7,1.295,0,Gateron X
45.7,1.295,0,Gateron X
45.7,1.3,0,Gateron X
45.8,1.3,0,Gateron X
45.7,1.305,0,Gateron X
45.8,1.305,0,Gateron X
45.8,1.305,0,Gateron X
45.8,1.31,0,Gateron X
45.7,1.31,0,Gateron X
45.8,1.315,0,Gateron X
45.8,1.315,0,Gateron X
45.8,1.32,0,Gateron X
45.8,1.32,0,Gateron X
45.8,1.325,0,Gateron X
45.9,1.33,0,Gateron X
45.8,1.335,0,Gateron X
45.9,1.335,0,Gateron X
45.8,1.34,0,Gateron X
45.8,1.345,0,Gateron X
45.9,1.345,0,Gateron X
45.9,1.35,0,Gateron X
46.1,1.35,0,Gateron X
46.1,1.355,0,Gateron X
46,1.36,0,Gateron X
46.2,1.36,0,Gateron X
46.1,1.365,0,Gateron X
46.2,1.365,0,Gateron X
46.2,1.37,0,Gateron X
46.1,1.375,0,Gateron X
46.1,1.375,0,Gateron X
46.2,1.38,0,Gateron X
46.3,1.38,0,Gateron X
46.2,1.385,0,Gateron X
46.2,1.385,0,Gateron X
46.2,1.39,0,Gateron X
46.1,1.39,0,Gateron X
46.1,1.39,0,Gateron X
45.8,1.39,0,Gateron X
45.7,1.39,0,Gateron X
46.4,1.39,0,Gateron X
46.9,1.395,0,Gateron X
46.5,1.4,0,Gateron X
46.2,1.405,0,Gateron X
46.1,1.405,0,Gateron X
46.2,1.41,0,Gateron X
46.3,1.415,0,Gateron X
46.2,1.415,0,Gateron X
46.3,1.42,0,Gateron X
46.3,1.425,0,Gateron X
46.3,1.43,0,Gateron X
46.3,1.43,0,Gateron X
46.4,1.435,0,Gateron X
46.3,1.435,0,Gateron X
46.5,1.44,0,Gateron X
46.4,1.44,0,Gateron X
46.4,1.445,0,Gateron X
46.5,1.45,0,Gateron X
46.5,1.455,0,Gateron X
46.4,1.455,0,Gateron X
46.6,1.46,0,Gateron X
46.5,1.465,0,Gateron X
46.5,1.47,0,Gateron X
46.6,1.475,0,Gateron X
46.6,1.475,0,Gateron X
46.7,1.48,0,Gateron X
46.8,1.485,0,Gateron X
46.7,1.49,0,Gateron X
46.7,1.495,0,Gateron X
46.8,1.495,0,Gateron X
46.8,1.5,0,Gateron X
46.8,1.505,0,Gateron X
46.8,1.505,0,Gateron X
46.8,1.51,0,Gateron X
46.8,1.51,0,Gateron X
46.9,1.515,0,Gateron X
47.1,1.515,0,Gateron X
47,1.52,0,Gateron X
47,1.52,0,Gateron X
47,1.525,0,Gateron X
47,1.525,0,Gateron X
46.9,1.53,0,Gateron X
46.9,1.53,0,Gateron X
47,1.535,0,Gateron X
47.1,1.535,0,Gateron X
47.1,1.535,0,Gateron X
47.1,1.54,0,Gateron X
47.1,1.54,0,Gateron X
47.2,1.54,0,Gateron X
47.3,1.54,0,Gateron X
47.2,1.545,0,Gateron X
47.2,1.545,0,Gateron X
47.3,1.545,0,Gateron X
47.2,1.55,0,Gateron X
47.2,1.55,0,Gateron X
47.2,1.555,0,Gateron X
47.2,1.555,0,Gateron X
47.2,1.56,0,Gateron X
47.1,1.56,0,Gateron X
47.2,1.565,0,Gateron X
47.3,1.565,0,Gateron X
47.2,1.57,0,Gateron X
47.1,1.575,0,Gateron X
47.2,1.575,0,Gateron X
47.3,1.575,0,Gateron X
47.4,1.58,0,Gateron X
47.3,1.58,0,Gateron X
47.4,1.58,0,Gateron X
47.3,1.585,0,Gateron X
47.4,1.585,0,Gateron X
47.2,1.585,0,Gateron X
47.3,1.59,0,Gateron X
47.3,1.59,0,Gateron X
47.4,1.59,0,Gateron X
47.5,1.59,0,Gateron X
47.6,1.595,0,Gateron X
47.5,1.595,0,Gateron X
47.4,1.6,0,Gateron X
47.4,1.605,0,Gateron X
47.4,1.605,0,Gateron X
47.4,1.61,0,Gateron X
47.6,1.61,0,Gateron X
47.6,1.61,0,Gateron X
47.7,1.615,0,Gateron X
47.7,1.62,0,Gateron X
47.6,1.62,0,Gateron X
47.6,1.625,0,Gateron X
47.6,1.625,0,Gateron X
47.7,1.63,0,Gateron X
47.7,1.63,0,Gateron X
47.7,1.635,0,Gateron X
47.7,1.635,0,Gateron X
47.7,1.64,0,Gateron X
47.8,1.645,0,Gateron X
47.9,1.645,0,Gateron X
47.9,1.65,0,Gateron X
47.9,1.655,0,Gateron X
47.7,1.66,0,Gateron X
47.8,1.665,0,Gateron X
48,1.67,0,Gateron X
48,1.675,0,Gateron X
48.1,1.675,0,Gateron X
48,1.68,0,Gateron X
48,1.685,0,Gateron X
48.1,1.69,0,Gateron X
48.1,1.695,0,Gateron X
48.3,1.695,0,Gateron X
48.2,1.7,0,Gateron X
48.2,1.705,0,Gateron X
48.3,1.71,0,Gateron X
48.4,1.71,0,Gateron X
48.5,1.715,0,Gateron X
48.5,1.72,0,Gateron X
48.5,1.72,0,Gateron X
48.4,1.725,0,Gateron X
48.6,1.73,0,Gateron X
48.5,1.73,0,Gateron X
48.5,1.735,0,Gateron X
48.5,1.735,0,Gateron X
48.7,1.74,0,Gateron X
48.3,1.74,0,Gateron X
48.3,1.745,0,Gateron X
48.4,1.745,0,Gateron X
48.4,1.75,0,Gateron X
48.4,1.75,0,Gateron X
48.5,1.75,0,Gateron X
48.5,1.755,0,Gateron X
48.5,1.755,0,Gateron X
48.5,1.755,0,Gateron X
48.5,1.76,0,Gateron X
48.5,1.76,0,Gateron X
48.4,1.76,0,Gateron X
48.5,1.765,0,Gateron X
48.6,1.765,0,Gateron X
48.7,1.77,0,Gateron X
48.7,1.77,0,Gateron X
48.7,1.77,0,Gateron X
48.7,1.775,0,Gateron X
48.8,1.775,0,Gateron X
48.8,1.78,0,Gateron X
48.8,1.78,0,Gateron X
48.9,1.785,0,Gateron X
48.9,1.785,0,Gateron X
48.9,1.79,0,Gateron X
49,1.795,0,Gateron X
49,1.795,0,Gateron X
49,1.8,0,Gateron X
49.1,1.805,0,Gateron X
49,1.805,0,Gateron X
49,1.81,0,Gateron X
49,1.81,0,Gateron X
49.1,1.815,0,Gateron X
49.1,1.815,0,Gateron X
49.1,1.82,0,Gateron X
49.2,1.82,0,Gateron X
49.2,1.825,0,Gateron X
49.3,1.825,0,Gateron X
49.2,1.83,0,Gateron X
49.1,1.83,0,Gateron X
49.3,1.83,0,Gateron X
49.4,1.835,0,Gateron X
49.2,1.835,0,Gateron X
49.3,1.835,0,Gateron X
49.4,1.84,0,Gateron X
49.2,1.84,0,Gateron X
49.3,1.84,0,Gateron X
49.4,1.845,0,Gateron X
49.4,1.845,0,Gateron X
49.4,1.845,0,Gateron X
49.4,1.85,0,Gateron X
49.4,1.85,0,Gateron X
49.6,1.855,0,Gateron X
49.4,1.86,0,Gateron X
49.4,1.865,0,Gateron X
49.5,1.87,0,Gateron X
49.4,1.88,0,Gateron X
49.5,1.88,0,Gateron X
49.6,1.885,0,Gateron X
49.7,1.89,0,Gateron X
49.7,1.895,0,Gateron X
49.5,1.895,0,Gateron X
49.7,1.9,0,Gateron X
49.4,1.905,0,Gateron X
49.4,1.905,0,Gateron X
49.6,1.91,0,Gateron X
49.6,1.915,0,Gateron X
49.5,1.92,0,Gateron X
49.6,1.925,0,Gateron X
49.6,1.93,0,Gateron X
49.8,1.935,0,Gateron X
49.8,1.94,0,Gateron X
49.9,1.945,0,Gateron X
50,1.955,0,Gateron X
50,1.96,0,Gateron X
50,1.97,0,Gateron X
50.2,1.975,0,Gateron X
50.2,1.98,0,Gateron X
50.3,1.99,0,Gateron X
50.4,1.995,0,Gateron X
50.5,2,0,Gateron X
50.6,2.01,0,Gateron X
50.5,2.015,0,Gateron X
50.7,2.025,0,Gateron X
50.7,2.035,0,Gateron X
50.4,2.04,0,Gateron X
50.6,2.045,0,Gateron X
50.6,2.05,0,Gateron X
50.6,2.05,0,Gateron X
50.7,2.055,0,Gateron X
50.7,2.06,0,Gateron X
50.7,2.06,0,Gateron X
50.7,2.065,0,Gateron X
50.8,2.065,0,Gateron X
50.8,2.07,0,Gateron X
50.9,2.07,0,Gateron X
50.8,2.075,0,Gateron X
50.9,2.075,0,Gateron X
51,2.08,0,Gateron X
50.9,2.08,0,Gateron X
51,2.08,0,Gateron X
50.9,2.085,0,Gateron X
51,2.09,0,Gateron X
51,2.09,0,Gateron X
50.9,2.095,0,Gateron X
51,2.095,0,Gateron X
50.9,2.1,0,Gateron X
51.1,2.1,0,Gateron X
51.3,2.1,0,Gateron X
51.1,2.1,0,Gateron X
51.2,2.105,0,Gateron X
51.1,2.105,0,Gateron X
51.4,2.105,0,Gateron X
51.2,2.105,0,Gateron X
51.2,2.105,0,Gateron X
51.3,2.11,0,Gateron X
51.4,2.11,0,Gateron X
51.3,2.11,0,Gateron X
51.3,2.11,0,Gateron X
51.4,2.115,0,Gateron X
51.5,2.115,0,Gateron X
51.5,2.115,0,Gateron X
51.4,2.12,0,Gateron X
51.5,2.12,0,Gateron X
51.4,2.125,0,Gateron X
51.5,2.125,0,Gateron X
51.6,2.125,0,Gateron X
51.6,2.13,0,Gateron X
51.4,2.135,0,Gateron X
51.5,2.135,0,Gateron X
51.5,2.135,0,Gateron X
51.6,2.14,0,Gateron X
51.5,2.14,0,Gateron X
51.7,2.14,0,Gateron X
51.7,2.14,0,Gateron X
51.6,2.14,0,Gateron X
51.5,2.145,0,Gateron X
51.8,2.145,0,Gateron X
51.8,2.145,0,Gateron X
51.8,2.145,0,Gateron X
51.9,2.15,0,Gateron X
51.9,2.15,0,Gateron X
51.8,2.15,0,Gateron X
51.7,2.155,0,Gateron X
51.7,2.155,0,Gateron X
51.8,2.155,0,Gateron X
51.8,2.16,0,Gateron X
51.9,2.16,0,Gateron X
51.9,2.16,0,Gateron X
52,2.165,0,Gateron X
51.9,2.17,0,Gateron X
52,2.17,0,Gateron X
51.9,2.175,0,Gateron X
51.9,2.18,0,Gateron X
52.1,2.18,0,Gateron X
52,2.185,0,Gateron X
52.1,2.19,0,Gateron X
52.2,2.195,0,Gateron X
51.8,2.2,0,Gateron X
51.8,2.205,0,Gateron X
51.8,2.205,0,Gateron X
51.9,2.21,0,Gateron X
52,2.215,0,Gateron X
52.1,2.215,0,Gateron X
52.1,2.22,0,Gateron X
52.1,2.225,0,Gateron X
52.1,2.225,0,Gateron X
52.2,2.23,0,Gateron X
52.3,2.235,0,Gateron X
52.2,2.235,0,Gateron X
52.3,2.24,0,Gateron X
52.3,2.245,0,Gateron X
52.3,2.245,0,Gateron X
52.4,2.25,0,Gateron X
52.4,2.25,0,Gateron X
52.4,2.255,0,Gateron X
52.5,2.255,0,Gateron X
52.5,2.255,0,Gateron X
52.5,2.26,0,Gateron X
52.5,2.26,0,Gateron X
52.6,2.265,0,Gateron X
52.6,2.27,0,Gateron X
52.6,2.27,0,Gateron X
52.6,2.275,0,Gateron X
52.6,2.275,0,Gateron X
52.6,2.28,0,Gateron X
52.8,2.285,0,Gateron X
52.7,2.285,0,Gateron X
52.9,2.285,0,Gateron X
52.8,2.29,0,Gateron X
52.8,2.29,0,Gateron X
52.9,2.29,0,Gateron X
53,2.295,0,Gateron X
52.9,2.295,0,Gateron X
52.9,2.3,0,Gateron X
52.9,2.3,0,Gateron X
52.9,2.3,0,Gateron X
52.8,2.3,0,Gateron X
52.9,2.3,0,Gateron X
52.9,2.305,0,Gateron X
53,2.305,0,Gateron X
53,2.305,0,Gateron X
53.1,2.305,0,Gateron X
53.1,2.31,0,Gateron X
53.1,2.31,0,Gateron X
53.1,2.315,0,Gateron X
53.1,2.315,0,Gateron X
52.9,2.315,0,Gateron X
52.8,2.315,0,Gateron X
52.8,2.315,0,Gateron X
52.7,2.315,0,Gateron X
52.9,2.315,0,Gateron X
53.6,2.32,0,Gateron X
53.3,2.32,0,Gateron X
53.2,2.32,0,Gateron X
53.1,2.325,0,Gateron X
53.2,2.325,0,Gateron X
53.2,2.33,0,Gateron X
53.3,2.33,0,Gateron X
53.2,2.33,0,Gateron X
53.2,2.335,0,Gateron X
53.3,2.335,0,Gateron X
53.4,2.34,0,Gateron X
53.4,2.345,0,Gateron X
53.4,2.35,0,Gateron X
53.4,2.35,0,Gateron X
53.1,2.355,0,Gateron X
53.1,2.36,0,Gateron X
53.2,2.36,0,Gateron X
53.3,2.365,0,Gateron X
53.3,2.37,0,Gateron X
53.3,2.37,0,Gateron X
53.3,2.375,0,Gateron X
53.4,2.38,0,Gateron X
53.4,2.385,0,Gateron X
53.3,2.39,0,Gateron X
53.5,2.395,0,Gateron X
53.5,2.4,0,Gateron X
53.5,2.4,0,Gateron X
53.6,2.405,0,Gateron X
53.6,2.41,0,Gateron X
53.7,2.41,0,Gateron X
53.7,2.415,0,Gateron X
53.8,2.42,0,Gateron X
53.8,2.42,0,Gateron X
53.9,2.425,0,Gateron X
53.8,2.43,0,Gateron X
53.9,2.43,0,Gateron X
54,2.435,0,Gateron X
53.9,2.44,0,Gateron X
54,2.44,0,Gateron X
54,2.445,0,Gateron X
54,2.45,0,Gateron X
54.1,2.455,0,Gateron X
54.2,2.46,0,Gateron X
54.2,2.465,0,Gateron X
54.2,2.47,0,Gateron X
54.3,2.47,0,Gateron X
54.3,2.475,0,Gateron X
54.3,2.48,0,Gateron X
54.4,2.485,0,Gateron X
54.4,2.49,0,Gateron X
54.3,2.49,0,Gateron X
54.5,2.49,0,Gateron X
54.5,2.495,0,Gateron X
54.5,2.495,0,Gateron X
54.5,2.5,0,Gateron X
54.5,2.5,0,Gateron X
54.6,2.505,0,Gateron X
54.1,2.51,0,Gateron X
54.3,2.515,0,Gateron X
54.3,2.52,0,Gateron X
54.3,2.525,0,Gateron X
54.4,2.525,0,Gateron X
54.4,2.53,0,Gateron X
54.4,2.535,0,Gateron X
54.5,2.54,0,Gateron X
54.5,2.54,0,Gateron X
54.6,2.545,0,Gateron X
54.6,2.55,0,Gateron X
54.7,2.555,0,Gateron X
54.8,2.56,0,Gateron X
54.8,2.57,0,Gateron X
54.8,2.575,0,Gateron X
54.9,2.58,0,Gateron X
54.9,2.585,0,Gateron X
55,2.59,0,Gateron X
55.1,2.6,0,Gateron X
55.1,2.61,0,Gateron X
55.2,2.615,0,Gateron X
55.3,2.62,0,Gateron X
55.3,2.62,0,Gateron X
55.3,2.625,0,Gateron X
55.4,2.63,0,Gateron X
55.3,2.63,0,Gateron X
55.4,2.63,0,Gateron X
55.4,2.63,0,Gateron X
55.4,2.635,0,Gateron X
55.5,2.64,0,Gateron X
55.5,2.645,0,Gateron X
55.2,2.655,0,Gateron X
55.4,2.67,0,Gateron X
55.6,2.7,0,Gateron X
56.2,2.755,0,Gateron X
56.4,2.805,0,Gateron X
56.4,2.82,0,Gateron X
56.7,2.835,0,Gateron X
56.7,2.845,0,Gateron X
56.8,2.845,0,Gateron X
56.8,2.85,0,Gateron X
56.8,2.85,0,Gateron X
56.9,2.85,0,Gateron X
56.8,2.855,0,Gateron X
56.9,2.855,0,Gateron X
56.9,2.86,0,Gateron X
57,2.86,0,Gateron X
56.9,2.865,0,Gateron X
57,2.865,0,Gateron X
57,2.865,0,Gateron X
57,2.87,0,Gateron X
57.1,2.87,0,Gateron X
57.1,2.88,0,Gateron X
57.3,2.885,0,Gateron X
57.3,2.895,0,Gateron X
57.4,2.905,0,Gateron X
57.4,2.91,0,Gateron X
57.5,2.915,0,Gateron X
57.2,2.92,0,Gateron X
57.1,2.925,0,Gateron X
57.2,2.93,0,Gateron X
57.3,2.935,0,Gateron X
57.4,2.945,0,Gateron X
57.6,2.965,0,Gateron X
57.8,2.98,0,Gateron X
57.8,2.985,0,Gateron X
57.8,2.985,0,Gateron X
57.7,2.99,0,Gateron X
57.7,2.99,0,Gateron X
57.9,2.99,0,Gateron X
57.9,2.99,0,Gateron X
57.9,2.99,0,Gateron X
57.9,2.995,0,Gateron X
58,2.995,0,Gateron X
58,3,0,Gateron X
58,3,0,Gateron X
58,3.005,0,Gateron X
58.1,3.01,0,Gateron X
58.2,3.015,0,Gateron X
58.2,3.02,0,Gateron X
58.3,3.025,0,Gateron X
58.3,3.03,0,Gateron X
58.4,3.035,0,Gateron X
58.4,3.04,0,Gateron X
58.4,3.04,0,Gateron X
58.4,3.045,0,Gateron X
58.5,3.045,0,Gateron X
58.6,3.05,0,Gateron X
58.5,3.05,0,Gateron X
58.5,3.055,0,Gateron X
58.6,3.055,0,Gateron X
58.6,3.06,0,Gateron X
58.6,3.065,0,Gateron X
58.8,3.065,0,Gateron X
58.7,3.07,0,Gateron X
58.8,3.075,0,Gateron X
58.2,3.08,0,Gateron X
58.4,3.085,0,Gateron X
58.4,3.09,0,Gateron X
58.5,3.095,0,Gateron X
58.6,3.1,0,Gateron X
58.7,3.105,0,Gateron X
58.7,3.11,0,Gateron X
58.9,3.12,0,Gateron X
59,3.135,0,Gateron X
59.1,3.14,0,Gateron X
59.1,3.15,0,Gateron X
59.1,3.16,0,Gateron X
59.3,3.17,0,Gateron X
59.4,3.175,0,Gateron X
59.5,3.185,0,Gateron X
59.5,3.19,0,Gateron X
59.6,3.2,0,Gateron X
59.6,3.205,0,Gateron X
59.7,3.21,0,Gateron X
59.7,3.215,0,Gateron X
59.8,3.22,0,Gateron X
59.9,3.225,0,Gateron X
59.9,3.23,0,Gateron X
60,3.235,0,Gateron X
59.9,3.235,0,Gateron X
60,3.24,0,Gateron X
60,3.245,0,Gateron X
59.5,3.25,0,Gateron X
59.6,3.255,0,Gateron X
59.7,3.255,0,Gateron X
59.8,3.26,0,Gateron X
59.8,3.265,0,Gateron X
59.9,3.27,0,Gateron X
59.9,3.27,0,Gateron X
60,3.275,0,Gateron X
60.1,3.28,0,Gateron X
60.1,3.285,0,Gateron X
60.1,3.29,0,Gateron X
60.2,3.295,0,Gateron X
60.3,3.3,0,Gateron X
60.3,3.31,0,Gateron X
60.4,3.315,0,Gateron X
60.4,3.32,0,Gateron X
60.5,3.325,0,Gateron X
60.5,3.335,0,Gateron X
60.6,3.34,0,Gateron X
60.7,3.345,0,Gateron X
60.8,3.35,0,Gateron X
60.7,3.36,0,Gateron X
60.8,3.365,0,Gateron X
60.9,3.37,0,Gateron X
60.9,3.375,0,Gateron X
61,3.38,0,Gateron X
61,3.385,0,Gateron X
60.7,3.385,0,Gateron X
60.8,3.39,0,Gateron X
60.8,3.395,0,Gateron X
60.8,3.405,0,Gateron X
60.9,3.41,0,Gateron X
60.9,3.415,0,Gateron X
61,3.42,0,Gateron X
61.1,3.42,0,Gateron X
61.1,3.425,0,Gateron X
61.1,3.43,0,Gateron X
61.2,3.435,0,Gateron X
61.2,3.435,0,Gateron X
61.3,3.44,0,Gateron X
61.2,3.445,0,Gateron X
61.3,3.45,0,Gateron X
61.3,3.45,0,Gateron X
61.4,3.455,0,Gateron X
61.4,3.46,0,Gateron X
61.5,3.46,0,Gateron X
61.5,3.465,0,Gateron X
61.4,3.47,0,Gateron X
61.6,3.475,0,Gateron X
61.6,3.475,0,Gateron X
61.7,3.48,0,Gateron X
61.7,3.485,0,Gateron X
61.7,3.485,0,Gateron X
61.7,3.49,0,Gateron X
61.8,3.495,0,Gateron X
61.8,3.495,0,Gateron X
61.7,3.5,0,Gateron X
61.9,3.5,0,Gateron X
61.9,3.505,0,Gateron X
61.9,3.51,0,Gateron X
61.9,3.515,0,Gateron X
62,3.515,0,Gateron X
62,3.52,0,Gateron X
62,3.525,0,Gateron X
62.1,3.53,0,Gateron X
62.1,3.535,0,Gateron X
61.8,3.54,0,Gateron X
61.8,3.545,0,Gateron X
61.8,3.55,0,Gateron X
61.9,3.555,0,Gateron X
61.9,3.56,0,Gateron X
62,3.565,0,Gateron X
62.1,3.57,0,Gateron X
62.1,3.575,0,Gateron X
62.1,3.58,0,Gateron X
62.2,3.58,0,Gateron X
62.2,3.585,0,Gateron X
62.3,3.59,0,Gateron X
62.3,3.595,0,Gateron X
62.4,3.6,0,Gateron X
62.4,3.6,0,Gateron X
62.4,3.605,0,Gateron X
62.5,3.605,0,Gateron X
62.5,3.61,0,Gateron X
62.6,3.615,0,Gateron X
62.5,3.62,0,Gateron X
62.6,3.625,0,Gateron X
62.7,3.63,0,Gateron X
62.7,3.635,0,Gateron X
62.8,3.64,0,Gateron X
62.8,3.645,0,Gateron X
62.9,3.65,0,Gateron X
62.9,3.655,0,Gateron X
62.9,3.655,0,Gateron X
63,3.66,0,Gateron X
63,3.665,0,Gateron X
63,3.665,0,Gateron X
63.1,3.67,0,Gateron X
63.2,3.675,0,Gateron X
62.6,3.68,0,Gateron X
62.8,3.685,0,Gateron X
62.9,3.69,0,Gateron X
62.9,3.69,0,Gateron X
62.9,3.695,0,Gateron X
63,3.695,0,Gateron X
63,3.7,0,Gateron X
63,3.7,0,Gateron X
63.1,3.705,0,Gateron X
63.1,3.71,0,Gateron X
63.2,3.715,0,Gateron X
63.2,3.72,0,Gateron X
63.2,3.72,0,Gateron X
63.3,3.725,0,Gateron X
63.3,3.73,0,Gateron X
63.3,3.735,0,Gateron X
63.3,3.735,0,Gateron X
63.5,3.74,0,Gateron X
63.5,3.745,0,Gateron X
63.5,3.75,0,Gateron X
63.5,3.755,0,Gateron X
63.6,3.76,0,Gateron X
63.7,3.765,0,Gateron X
63.7,3.77,0,Gateron X
63.8,3.775,0,Gateron X
63.9,3.785,0,Gateron X
63.9,3.795,0,Gateron X
64,3.8,0,Gateron X
63.8,3.81,0,Gateron X
63.8,3.81,0,Gateron X
63.8,3.81,0,Gateron X
63.7,3.815,0,Gateron X
63.7,3.815,0,Gateron X
63.7,3.815,0,Gateron X
63.9,3.815,0,Gateron X
63.9,3.815,0,Gateron X
63.9,3.82,0,Gateron X
63.9,3.82,0,Gateron X
63.9,3.825,0,Gateron X
63.9,3.825,0,Gateron X
64,3.83,0,Gateron X
64,3.835,0,Gateron X
64.1,3.84,0,Gateron X
64.1,3.845,0,Gateron X
64.2,3.85,0,Gateron X
64.3,3.855,0,Gateron X
64.3,3.865,0,Gateron X
64.4,3.87,0,Gateron X
64.4,3.88,0,Gateron X
64.5,3.89,0,Gateron X
64.6,3.895,0,Gateron X
64.7,3.9,0,Gateron X
64.7,3.91,0,Gateron X
64.8,3.915,0,Gateron X
64.9,3.92,0,Gateron X
64.7,3.925,0,Gateron X
64.7,3.93,0,Gateron X
64.7,3.935,0,Gateron X
64.8,3.94,0,Gateron X
64.8,3.94,0,Gateron X
64.9,3.945,0,Gateron X
64.9,3.95,0,Gateron X
65,3.955,0,Gateron X
65,3.96,0,Gateron X
65,3.965,0,Gateron X
65.1,3.97,0,Gateron X
65.2,3.975,0,Gateron X
65.2,3.98,0,Gateron X
65.2,3.985,0,Gateron X
65.3,3.985,0,Gateron X
65.3,3.99,0,Gateron X
65.4,3.995,0,Gateron X
65.3,3.995,0,Gateron X
65.4,4,0,Gateron X
65.4,4.005,0,Gateron X
65.4,4.005,0,Gateron X
65.5,4.01,0,Gateron X
65.5,4.01,0,Gateron X
65.6,4.015,0,Gateron X
65.6,4.02,0,Gateron X
65.6,4.025,0,Gateron X
65.7,4.025,0,Gateron X
65.7,4.03,0,Gateron X
65.4,4.035,0,Gateron X
65.4,4.04,0,Gateron X
65.5,4.045,0,Gateron X
65.5,4.045,0,Gateron X
65.5,4.05,0,Gateron X
65.6,4.055,0,Gateron X
65.7,4.06,0,Gateron X
65.7,4.065,0,Gateron X
65.7,4.07,0,Gateron X
65.8,4.075,0,Gateron X
65.9,4.075,0,Gateron X
65.9,4.08,0,Gateron X
65.9,4.085,0,Gateron X
66,4.09,0,Gateron X
66.1,4.095,0,Gateron X
66.1,4.1,0,Gateron X
66.2,4.105,0,Gateron X
66.2,4.11,0,Gateron X
66.3,4.115,0,Gateron X
66.3,4.12,0,Gateron X
66.4,4.125,0,Gateron X
66.4,4.13,0,Gateron X
66.5,4.135,0,Gateron X
66.2,4.14,0,Gateron X
66.3,4.15,0,Gateron X
66.4,4.155,0,Gateron X
66.5,4.165,0,Gateron X
66.6,4.17,0,Gateron X
66.7,4.175,0,Gateron X
66.8,4.18,0,Gateron X
66.8,4.19,0,Gateron X
66.9,4.195,0,Gateron X
66.9,4.2,0,Gateron X
67,4.205,0,Gateron X
68.3,4.215,0,Gateron X
71.8,4.22,0,Gateron X
72,4.23,0,Gateron X
74.5,4.235,0,Gateron X
76.1,4.24,0,Gateron X
76.8,4.245,0,Gateron X
74.7,4.25,0,Gateron X
77.4,4.255,0,Gateron X
81.1,4.26,0,Gateron X
84.9,4.265,0,Gateron X
88.5,4.27,0,Gateron X
92.4,4.275,0,Gateron X
95.4,4.275,0,Gateron X
98.5,4.28,0,Gateron X
101.7,4.285,0,Gateron X
105.9,4.29,0,Gateron X
108.8,4.295,0,Gateron X
111.1,4.295,0,Gateron X
113.4,4.3,0,Gateron X
115.2,4.3,0,Gateron X
117,4.3,0,Gateron X
119.2,4.305,0,Gateron X
121.8,4.305,0,Gateron X
124.2,4.31,0,Gateron X
125.2,4.31,0,Gateron X
125.6,4.31,0,Gateron X
125,4.31,0,Gateron X
124.7,4.31,0,Gateron X
124.6,4.31,0,Gateron X
124.3,4.31,0,Gateron X
124.1,4.31,0,Gateron X
123.8,4.31,0,Gateron X
123.8,4.31,0,Gateron X
123.8,4.31,0,Gateron X
123.7,4.31,0,Gateron X
123.6,4.31,0,Gateron X
123.6,4.31,0,Gateron X
123.5,4.31,0,Gateron X
123.6,4.31,0,Gateron X
123.5,4.31,0,Gateron X
123.4,4.31,0,Gateron X
123.3,4.31,0,Gateron X
123.4,4.31,0,Gateron X
123.3,4.31,0,Gateron X
123.2,4.31,0,Gateron X
123.2,4.31,0,Gateron X
123.3,4.31,0,Gateron X
123.2,4.31,0,Gateron X
123.1,4.31,0,Gateron X
123.1,4.31,0,Gateron X
123.1,4.31,0,Gateron X
123.1,4.31,0,Gateron X
123.1,4.31,0,Gateron X
123,4.31,0,Gateron X
123,4.31,0,Gateron X
123,4.31,0,Gateron X
123,4.31,0,Gateron X
122.9,4.31,0,Gateron X
122.9,4.31,0,Gateron X
122.9,4.31,0,Gateron X
122.8,4.31,0,Gateron X
122.8,4.31,0,Gateron X
122.8,4.31,0,Gateron X
122.8,4.31,0,Gateron X
122.7,4.31,0,Gateron X
122.7,4.31,0,Gateron X
122.7,4.31,0,Gateron X
122.6,4.31,0,Gateron X
122.5,4.31,0,Gateron X
122.5,4.31,0,Gateron X
122.5,4.31,0,Gateron X
122.4,4.31,0,Gateron X
122.4,4.31,0,Gateron X
122.3,4.31,0,Gateron X
122.3,4.31,0,Gateron X
122.4,4.31,0,Gateron X
122.3,4.31,0,Gateron X
122,4.31,0,Gateron X
122.1,4.31,0,Gateron X
122.2,4.31,0,Gateron X
122,4.31,0,Gateron X
121.9,4.31,0,Gateron X
121.8,4.31,0,Gateron X
121.8,4.31,0,Gateron X
121.8,4.31,0,Gateron X
121.6,4.31,0,Gateron X
121.5,4.31,0,Gateron X
121.7,4.31,0,Gateron X
121.6,4.31,0,Gateron X
121.4,4.31,0,Gateron X
121.3,4.31,0,Gateron X
120.8,4.31,0,Gateron X
120.3,4.31,0,Gateron X
119.8,4.31,0,Gateron X
119.6,4.31,0,Gateron X
119.5,4.31,0,Gateron X
119.2,4.31,0,Gateron X
118.9,4.31,0,Gateron X
118.7,4.31,0,Gateron X
118.8,4.31,0,Gateron X
118.6,4.31,0,Gateron X
118.5,4.31,0,Gateron X
118.2,4.31,0,Gateron X
117.3,4.31,0,Gateron X
116.5,4.305,0,Gateron X
115.2,4.305,0,Gateron X
113.8,4.305,0,Gateron X
113.2,4.305,0,Gateron X
112.8,4.305,0,Gateron X
111.9,4.305,0,Gateron X
111.1,4.3,0,Gateron X
110.1,4.3,0,Gateron X
109,4.3,0,Gateron X
107.8,4.3,0,Gateron X
106.4,4.3,0,Gateron X
105,4.295,0,Gateron X
104.2,4.295,0,Gateron X
103,4.295,0,Gateron X
101.3,4.295,0,Gateron X
100,4.29,0,Gateron X
98.8,4.29,0,Gateron X
97.8,4.29,0,Gateron X
96.9,4.29,0,Gateron X
96.5,4.285,0,Gateron X
96.2,4.285,0,Gateron X
95.8,4.285,0,Gateron X
95,4.285,0,Gateron X
93.7,4.285,0,Gateron X
92.5,4.285,0,Gateron X
91.1,4.28,0,Gateron X
90,4.28,0,Gateron X
89.3,4.28,0,Gateron X
88.8,4.28,0,Gateron X
88.3,4.28,0,Gateron X
87.3,4.28,0,Gateron X
86.6,4.275,0,Gateron X
85.9,4.275,0,Gateron X
85.2,4.275,0,Gateron X
84.3,4.275,0,Gateron X
83.5,4.275,0,Gateron X
82.7,4.275,0,Gateron X
81.8,4.27,0,Gateron X
81,4.27,0,Gateron X
80,4.27,0,Gateron X
79.2,4.27,0,Gateron X
78.5,4.27,0,Gateron X
77.8,4.265,0,Gateron X
77,4.265,0,Gateron X
76.4,4.265,0,Gateron X
75.6,4.265,0,Gateron X
74.8,4.265,0,Gateron X
74.3,4.265,0,Gateron X
73.7,4.26,0,Gateron X
73,4.26,0,Gateron X
72.1,4.26,0,Gateron X
71,4.26,0,Gateron X
70,4.26,0,Gateron X
69.3,4.255,0,Gateron X
68.4,4.255,0,Gateron X
68.1,4.255,0,Gateron X
68.1,4.255,0,Gateron X
68.1,4.255,0,Gateron X
68.2,4.25,0,Gateron X
68.1,4.25,0,Gateron X
68,4.25,0,Gateron X
68,4.25,0,Gateron X
67.9,4.245,0,Gateron X
67.9,4.245,0,Gateron X
67.8,4.245,0,Gateron X
67.7,4.245,0,Gateron X
67.5,4.245,0,Gateron X
67.5,4.24,0,Gateron X
67.4,4.24,0,Gateron X
67.3,4.24,0,Gateron X
67.2,4.235,0,Gateron X
67.1,4.235,0,Gateron X
66.9,4.235,0,Gateron X
66.7,4.235,0,Gateron X
66.4,4.23,0,Gateron X
66.2,4.23,0,Gateron X
66.2,4.23,0,Gateron X
66.1,4.23,0,Gateron X
66,4.23,0,Gateron X
66,4.225,0,Gateron X
65.9,4.225,0,Gateron X
65.7,4.225,0,Gateron X
65.7,4.225,0,Gateron X
65.7,4.225,0,Gateron X
65.6,4.225,0,Gateron X
65.6,4.225,0,Gateron X
65.6,4.22,0,Gateron X
65.5,4.22,0,Gateron X
65.5,4.22,0,Gateron X
65.5,4.22,0,Gateron X
65.4,4.22,0,Gateron X
65.5,4.22,0,Gateron X
65.4,4.22,0,Gateron X
65.4,4.215,0,Gateron X
65.4,4.215,0,Gateron X
65.4,4.215,0,Gateron X
65.3,4.21,0,Gateron X
65.3,4.21,0,Gateron X
65.3,4.21,0,Gateron X
65.3,4.205,0,Gateron X
65.2,4.205,0,Gateron X
65.2,4.205,0,Gateron X
65.2,4.205,0,Gateron X
65.2,4.2,0,Gateron X
65.1,4.2,0,Gateron X
65.1,4.2,0,Gateron X
65.1,4.2,0,Gateron X
65.1,4.195,0,Gateron X
65.1,4.195,0,Gateron X
65.1,4.195,0,Gateron X
65.1,4.195,0,Gateron X
65.1,4.19,0,Gateron X
65,4.19,0,Gateron X
65,4.19,0,Gateron X
65,4.185,0,Gateron X
65,4.185,0,Gateron X
65,4.18,0,Gateron X
65,4.18,0,Gateron X
64.9,4.175,0,Gateron X
64.9,4.175,0,Gateron X
64.9,4.17,0,Gateron X
65,4.165,0,Gateron X
64.9,4.165,0,Gateron X
64.8,4.16,0,Gateron X
64.9,4.16,0,Gateron X
64.9,4.155,0,Gateron X
64.8,4.15,0,Gateron X
64.7,4.145,0,Gateron X
64.7,4.14,0,Gateron X
64.7,4.14,0,Gateron X
64.7,4.135,0,Gateron X
64.6,4.135,0,Gateron X
64.6,4.13,0,Gateron X
64.6,4.13,0,Gateron X
64.5,4.125,0,Gateron X
64.8,4.125,0,Gateron X
64.8,4.12,0,Gateron X
64.7,4.12,0,Gateron X
64.7,4.115,0,Gateron X
64.7,4.115,0,Gateron X
64.7,4.11,0,Gateron X
64.6,4.11,0,Gateron X
64.6,4.11,0,Gateron X
64.6,4.105,0,Gateron X
64.6,4.105,0,Gateron X
64.6,4.105,0,Gateron X
64.6,4.1,0,Gateron X
64.6,4.1,0,Gateron X
64.6,4.095,0,Gateron X
64.5,4.095,0,Gateron X
64.5,4.09,0,Gateron X
64.5,4.09,0,Gateron X
64.5,4.085,0,Gateron X
64.5,4.085,0,Gateron X
64.5,4.08,0,Gateron X
64.4,4.08,0,Gateron X
64.4,4.08,0,Gateron X
64.3,4.075,0,Gateron X
64.4,4.075,0,Gateron X
64.3,4.07,0,Gateron X
64.2,4.065,0,Gateron X
64.2,4.065,0,Gateron X
64.2,4.06,0,Gateron X
64.2,4.06,0,Gateron X
64.2,4.055,0,Gateron X
64.1,4.055,0,Gateron X
64.1,4.05,0,Gateron X
64,4.045,0,Gateron X
64,4.045,0,Gateron X
64.1,4.04,0,Gateron X
64,4.035,0,Gateron X
64,4.03,0,Gateron X
64,4.03,0,Gateron X
64,4.025,0,Gateron X
63.9,4.02,0,Gateron X
63.9,4.015,0,Gateron X
63.8,4.015,0,Gateron X
63.9,4.01,0,Gateron X
63.8,4.005,0,Gateron X
63.8,4.005,0,Gateron X
63.8,4,0,Gateron X
63.8,3.995,0,Gateron X
63.7,3.995,0,Gateron X
63.7,3.99,0,Gateron X
63.7,3.985,0,Gateron X
63.7,3.98,0,Gateron X
63.5,3.97,0,Gateron X
63.6,3.965,0,Gateron X
63.5,3.96,0,Gateron X
63.5,3.96,0,Gateron X
63.5,3.955,0,Gateron X
63.5,3.95,0,Gateron X
63.5,3.95,0,Gateron X
63.4,3.945,0,Gateron X
63.4,3.945,0,Gateron X
63.4,3.94,0,Gateron X
63.4,3.94,0,Gateron X
63.4,3.94,0,Gateron X
63.3,3.935,0,Gateron X
63.3,3.935,0,Gateron X
63.3,3.93,0,Gateron X
63.3,3.93,0,Gateron X
63.3,3.925,0,Gateron X
63.3,3.925,0,Gateron X
63.3,3.925,0,Gateron X
63.2,3.92,0,Gateron X
63.2,3.915,0,Gateron X
63.2,3.915,0,Gateron X
63.2,3.91,0,Gateron X
63.1,3.91,0,Gateron X
63.1,3.905,0,Gateron X
63.1,3.9,0,Gateron X
63.1,3.895,0,Gateron X
63.1,3.895,0,Gateron X
63.1,3.89,0,Gateron X
63,3.885,0,Gateron X
62.9,3.875,0,Gateron X
62.9,3.87,0,Gateron X
62.8,3.865,0,Gateron X
62.8,3.86,0,Gateron X
62.7,3.855,0,Gateron X
62.7,3.855,0,Gateron X
62.7,3.85,0,Gateron X
62.5,3.845,0,Gateron X
62.6,3.835,0,Gateron X
62.6,3.83,0,Gateron X
62.6,3.83,0,Gateron X
62.6,3.825,0,Gateron X
62.5,3.82,0,Gateron X
62.5,3.815,0,Gateron X
62.4,3.81,0,Gateron X
62.4,3.805,0,Gateron X
62.4,3.8,0,Gateron X
62.4,3.795,0,Gateron X
62.3,3.79,0,Gateron X
62.3,3.785,0,Gateron X
62.3,3.78,0,Gateron X
62.3,3.78,0,Gateron X
62.2,3.775,0,Gateron X
62.2,3.77,0,Gateron X
62.1,3.77,0,Gateron X
62.1,3.765,0,Gateron X
62.1,3.765,0,Gateron X
62.1,3.76,0,Gateron X
62.1,3.76,0,Gateron X
62,3.755,0,Gateron X
62,3.755,0,Gateron X
62,3.75,0,Gateron X
61.9,3.745,0,Gateron X
61.9,3.735,0,Gateron X
61.9,3.735,0,Gateron X
61.9,3.73,0,Gateron X
61.9,3.725,0,Gateron X
61.8,3.72,0,Gateron X
61.8,3.72,0,Gateron X
61.8,3.715,0,Gateron X
61.7,3.715,0,Gateron X
61.6,3.705,0,Gateron X
61.7,3.695,0,Gateron X
61.6,3.695,0,Gateron X
61.6,3.69,0,Gateron X
61.5,3.685,0,Gateron X
61.5,3.68,0,Gateron X
61.5,3.675,0,Gateron X
61.4,3.675,0,Gateron X
61.4,3.665,0,Gateron X
61.3,3.66,0,Gateron X
61.3,3.65,0,Gateron X
61.2,3.645,0,Gateron X
61.2,3.635,0,Gateron X
61.1,3.63,0,Gateron X
61.1,3.63,0,Gateron X
61.1,3.625,0,Gateron X
61.1,3.62,0,Gateron X
61.1,3.62,0,Gateron X
61,3.615,0,Gateron X
61,3.615,0,Gateron X
61,3.61,0,Gateron X
61,3.61,0,Gateron X
61,3.61,0,Gateron X
61.2,3.61,0,Gateron X
61.2,3.61,0,Gateron X
61,3.61,0,Gateron X
61,3.61,0,Gateron X
61.3,3.61,0,Gateron X
61.1,3.61,0,Gateron X
60.9,3.605,0,Gateron X
60.9,3.605,0,Gateron X
60.9,3.6,0,Gateron X
61.5,3.6,0,Gateron X
61.7,3.6,0,Gateron X
61.5,3.6,0,Gateron X
61.4,3.6,0,Gateron X
60.9,3.6,0,Gateron X
60.8,3.6,0,Gateron X
60.9,3.6,0,Gateron X
60.9,3.595,0,Gateron X
60.8,3.59,0,Gateron X
60.7,3.585,0,Gateron X
60.7,3.575,0,Gateron X
60.9,3.57,0,Gateron X
60.8,3.555,0,Gateron X
60.5,3.545,0,Gateron X
60.6,3.535,0,Gateron X
60.5,3.53,0,Gateron X
60.4,3.52,0,Gateron X
60.3,3.515,0,Gateron X
60.3,3.51,0,Gateron X
60.2,3.505,0,Gateron X
60.1,3.495,0,Gateron X
60.1,3.49,0,Gateron X
60.1,3.485,0,Gateron X
60,3.48,0,Gateron X
59.9,3.475,0,Gateron X
59.9,3.47,0,Gateron X
59.9,3.465,0,Gateron X
59.8,3.46,0,Gateron X
59.8,3.455,0,Gateron X
59.7,3.45,0,Gateron X
60,3.445,0,Gateron X
59.9,3.44,0,Gateron X
59.8,3.43,0,Gateron X
59.9,3.425,0,Gateron X
59.8,3.42,0,Gateron X
59.7,3.415,0,Gateron X
59.6,3.41,0,Gateron X
59.7,3.405,0,Gateron X
59.5,3.4,0,Gateron X
59.5,3.395,0,Gateron X
59.5,3.395,0,Gateron X
59.4,3.39,0,Gateron X
59.4,3.385,0,Gateron X
59.2,3.38,0,Gateron X
59.3,3.375,0,Gateron X
59.3,3.375,0,Gateron X
59.3,3.37,0,Gateron X
59.2,3.365,0,Gateron X
59.2,3.36,0,Gateron X
59.1,3.355,0,Gateron X
59,3.35,0,Gateron X
59,3.35,0,Gateron X
59,3.345,0,Gateron X
59.1,3.345,0,Gateron X
59,3.34,0,Gateron X
59,3.335,0,Gateron X
59,3.33,0,Gateron X
58.9,3.33,0,Gateron X
58.9,3.325,0,Gateron X
58.8,3.32,0,Gateron X
58.8,3.31,0,Gateron X
58.6,3.3,0,Gateron X
58.7,3.295,0,Gateron X
58.7,3.295,0,Gateron X
58.7,3.29,0,Gateron X
58.6,3.285,0,Gateron X
58.6,3.28,0,Gateron X
58.6,3.275,0,Gateron X
58.5,3.27,0,Gateron X
58.4,3.265,0,Gateron X
58.4,3.26,0,Gateron X
58.4,3.255,0,Gateron X
58.3,3.25,0,Gateron X
58.3,3.245,0,Gateron X
58.3,3.24,0,Gateron X
58.3,3.24,0,Gateron X
58.3,3.235,0,Gateron X
58.2,3.23,0,Gateron X
58.2,3.225,0,Gateron X
58.1,3.22,0,Gateron X
58.1,3.215,0,Gateron X
58.1,3.205,0,Gateron X
58,3.2,0,Gateron X
58,3.19,0,Gateron X
57.9,3.185,0,Gateron X
57.9,3.175,0,Gateron X
57.8,3.17,0,Gateron X
57.7,3.165,0,Gateron X
57.7,3.16,0,Gateron X
57.7,3.155,0,Gateron X
57.6,3.145,0,Gateron X
57.5,3.14,0,Gateron X
57.5,3.135,0,Gateron X
57.5,3.13,0,Gateron X
57.5,3.13,0,Gateron X
57.5,3.125,0,Gateron X
57.4,3.12,0,Gateron X
57.4,3.12,0,Gateron X
57.4,3.115,0,Gateron X
57.3,3.11,0,Gateron X
57.2,3.105,0,Gateron X
57.3,3.1,0,Gateron X
57.2,3.1,0,Gateron X
57.3,3.095,0,Gateron X
57.2,3.09,0,Gateron X
57.2,3.085,0,Gateron X
57.1,3.085,0,Gateron X
57.1,3.08,0,Gateron X
57.1,3.08,0,Gateron X
57.1,3.08,0,Gateron X
57.1,3.075,0,Gateron X
57.1,3.075,0,Gateron X
57.1,3.07,0,Gateron X
57.1,3.065,0,Gateron X
57.1,3.065,0,Gateron X
57,3.06,0,Gateron X
57,3.06,0,Gateron X
57,3.055,0,Gateron X
56.9,3.055,0,Gateron X
57,3.05,0,Gateron X
56.9,3.05,0,Gateron X
56.9,3.05,0,Gateron X
56.8,3.045,0,Gateron X
56.9,3.045,0,Gateron X
56.9,3.045,0,Gateron X
56.9,3.04,0,Gateron X
56.9,3.04,0,Gateron X
56.8,3.035,0,Gateron X
56.9,3.035,0,Gateron X
56.8,3.035,0,Gateron X
56.8,3.03,0,Gateron X
56.8,3.03,0,Gateron X
56.7,3.025,0,Gateron X
56.7,3.025,0,Gateron X
56.7,3.02,0,Gateron X
56.6,3.015,0,Gateron X
56.6,3.01,0,Gateron X
56.6,3.005,0,Gateron X
56.6,3,0,Gateron X
56.6,2.995,0,Gateron X
56.6,2.99,0,Gateron X
56.5,2.98,0,Gateron X
56.5,2.975,0,Gateron X
56.4,2.975,0,Gateron X
56.4,2.97,0,Gateron X
56.3,2.965,0,Gateron X
56.4,2.96,0,Gateron X
56.3,2.96,0,Gateron X
56.3,2.96,0,Gateron X
56.3,2.955,0,Gateron X
56.3,2.955,0,Gateron X
56.3,2.95,0,Gateron X
56.2,2.945,0,Gateron X
56.2,2.94,0,Gateron X
56.1,2.935,0,Gateron X
56.1,2.93,0,Gateron X
56.1,2.93,0,Gateron X
56.1,2.93,0,Gateron X
56.1,2.925,0,Gateron X
56.1,2.92,0,Gateron X
56,2.92,0,Gateron X
56,2.915,0,Gateron X
55.9,2.905,0,Gateron X
55.8,2.9,0,Gateron X
55.8,2.895,0,Gateron X
55.9,2.89,0,Gateron X
55.8,2.89,0,Gateron X
55.8,2.885,0,Gateron X
55.8,2.88,0,Gateron X
55.7,2.875,0,Gateron X
55.7,2.865,0,Gateron X
55.6,2.86,0,Gateron X
55.6,2.855,0,Gateron X
55.6,2.85,0,Gateron X
55.5,2.845,0,Gateron X
55.5,2.84,0,Gateron X
55.4,2.83,0,Gateron X
55.3,2.825,0,Gateron X
55.3,2.815,0,Gateron X
55.3,2.81,0,Gateron X
55.3,2.805,0,Gateron X
55.2,2.795,0,Gateron X
55.1,2.79,0,Gateron X
55.1,2.785,0,Gateron X
55,2.775,0,Gateron X
55,2.77,0,Gateron X
54.9,2.765,0,Gateron X
54.9,2.76,0,Gateron X
54.8,2.75,0,Gateron X
54.7,2.74,0,Gateron X
54.7,2.735,0,Gateron X
54.7,2.73,0,Gateron X
54.7,2.725,0,Gateron X
54.6,2.715,0,Gateron X
54.6,2.71,0,Gateron X
54.4,2.705,0,Gateron X
54.4,2.7,0,Gateron X
54.3,2.69,0,Gateron X
54.3,2.685,0,Gateron X
54.2,2.685,0,Gateron X
54.1,2.68,0,Gateron X
54.1,2.68,0,Gateron X
54,2.675,0,Gateron X
54,2.67,0,Gateron X
54,2.67,0,Gateron X
53.9,2.665,0,Gateron X
53.9,2.665,0,Gateron X
53.9,2.66,0,Gateron X
53.8,2.655,0,Gateron X
53.7,2.65,0,Gateron X
53.7,2.64,0,Gateron X
53.6,2.635,0,Gateron X
53.5,2.63,0,Gateron X
53.5,2.62,0,Gateron X
53.4,2.615,0,Gateron X
53.3,2.605,0,Gateron X
53.3,2.6,0,Gateron X
53.2,2.595,0,Gateron X
53.2,2.59,0,Gateron X
53.1,2.58,0,Gateron X
53,2.575,0,Gateron X
52.9,2.565,0,Gateron X
52.7,2.56,0,Gateron X
52.5,2.55,0,Gateron X
52.3,2.545,0,Gateron X
52.1,2.54,0,Gateron X
51.9,2.53,0,Gateron X
51.6,2.52,0,Gateron X
51.4,2.515,0,Gateron X
51.2,2.51,0,Gateron X
51.1,2.505,0,Gateron X
50.9,2.5,0,Gateron X
50.8,2.495,0,Gateron X
50.6,2.49,0,Gateron X
50.4,2.485,0,Gateron X
50.2,2.48,0,Gateron X
50,2.475,0,Gateron X
49.8,2.465,0,Gateron X
49.7,2.46,0,Gateron X
49.5,2.455,0,Gateron X
49.4,2.45,0,Gateron X
49.2,2.445,0,Gateron X
49.1,2.44,0,Gateron X
49,2.435,0,Gateron X
48.8,2.43,0,Gateron X
48.8,2.425,0,Gateron X
48.7,2.42,0,Gateron X
48.6,2.42,0,Gateron X
48.5,2.415,0,Gateron X
48.2,2.41,0,Gateron X
48,2.405,0,Gateron X
47.9,2.395,0,Gateron X
47.7,2.395,0,Gateron X
47.5,2.39,0,Gateron X
47.4,2.385,0,Gateron X
47.3,2.38,0,Gateron X
47.1,2.375,0,Gateron X
47,2.37,0,Gateron X
47,2.365,0,Gateron X
46.8,2.36,0,Gateron X
46.7,2.355,0,Gateron X
46.6,2.35,0,Gateron X
46.4,2.345,0,Gateron X
46.3,2.34,0,Gateron X
46.2,2.335,0,Gateron X
46.1,2.335,0,Gateron X
46.2,2.33,0,Gateron X
46.2,2.33,0,Gateron X
45.9,2.325,0,Gateron X
45.8,2.32,0,Gateron X
45.6,2.315,0,Gateron X
45.5,2.31,0,Gateron X
45.4,2.31,0,Gateron X
45.7,2.305,0,Gateron X
45.4,2.305,0,Gateron X
45.2,2.305,0,Gateron X
45.1,2.3,0,Gateron X
45.1,2.3,0,Gateron X
45.1,2.295,0,Gateron X
44.9,2.29,0,Gateron X
44.9,2.285,0,Gateron X
44.7,2.285,0,Gateron X
44.7,2.28,0,Gateron X
44.6,2.275,0,Gateron X
44.6,2.275,0,Gateron X
44.6,2.27,0,Gateron X
44.5,2.27,0,Gateron X
44.3,2.27,0,Gateron X
44.2,2.265,0,Gateron X
44.2,2.26,0,Gateron X
44.1,2.26,0,Gateron X
44,2.255,0,Gateron X
43.9,2.25,0,Gateron X
43.9,2.25,0,Gateron X
43.7,2.245,0,Gateron X
43.6,2.245,0,Gateron X
43.6,2.24,0,Gateron X
43.5,2.235,0,Gateron X
43.4,2.235,0,Gateron X
43.1,2.23,0,Gateron X
43.1,2.225,0,Gateron X
43,2.22,0,Gateron X
42.8,2.215,0,Gateron X
42.6,2.21,0,Gateron X
42.6,2.205,0,Gateron X
42.6,2.2,0,Gateron X
42.4,2.195,0,Gateron X
42.2,2.185,0,Gateron X
42.1,2.18,0,Gateron X
42,2.18,0,Gateron X
41.8,2.175,0,Gateron X
41.7,2.175,0,Gateron X
41.7,2.17,0,Gateron X
41.5,2.165,0,Gateron X
41.3,2.16,0,Gateron X
41.2,2.155,0,Gateron X
41.1,2.15,0,Gateron X
41.1,2.145,0,Gateron X
41,2.14,0,Gateron X
41,2.14,0,Gateron X
40.9,2.135,0,Gateron X
40.8,2.13,0,Gateron X
40.8,2.13,0,Gateron X
41,2.125,0,Gateron X
40.8,2.12,0,Gateron X
40.7,2.115,0,Gateron X
40.7,2.11,0,Gateron X
40.5,2.105,0,Gateron X
40.7,2.1,0,Gateron X
40.6,2.095,0,Gateron X
40.6,2.095,0,Gateron X
40.5,2.09,0,Gateron X
40.4,2.085,0,Gateron X
40.3,2.085,0,Gateron X
40.5,2.08,0,Gateron X
40.4,2.075,0,Gateron X
40.3,2.07,0,Gateron X
40.3,2.07,0,Gateron X
40.3,2.065,0,Gateron X
40.2,2.06,0,Gateron X
40.2,2.06,0,Gateron X
40.1,2.055,0,Gateron X
40.1,2.055,0,Gateron X
40,2.05,0,Gateron X
40,2.045,0,Gateron X
40.1,2.04,0,Gateron X
40.1,2.04,0,Gateron X
39.9,2.035,0,Gateron X
39.8,2.035,0,Gateron X
39.8,2.03,0,Gateron X
39.8,2.03,0,Gateron X
39.8,2.025,0,Gateron X
39.8,2.02,0,Gateron X
39.8,2.015,0,Gateron X
39.7,2.01,0,Gateron X
39.6,2.005,0,Gateron X
39.6,2,0,Gateron X
39.6,2,0,Gateron X
39.5,1.995,0,Gateron X
39.3,1.99,0,Gateron X
39.5,1.985,0,Gateron X
39.4,1.98,0,Gateron X
39.4,1.975,0,Gateron X
39.4,1.965,0,Gateron X
39.4,1.96,0,Gateron X
39.3,1.955,0,Gateron X
39.2,1.95,0,Gateron X
39,1.95,0,Gateron X
38.9,1.945,0,Gateron X
39,1.945,0,Gateron X
39.1,1.94,0,Gateron X
39,1.94,0,Gateron X
38.9,1.935,0,Gateron X
38.8,1.935,0,Gateron X
38.9,1.93,0,Gateron X
38.9,1.925,0,Gateron X
38.9,1.925,0,Gateron X
38.8,1.92,0,Gateron X
38.8,1.915,0,Gateron X
38.6,1.915,0,Gateron X
38.7,1.91,0,Gateron X
38.6,1.905,0,Gateron X
38.7,1.9,0,Gateron X
38.5,1.895,0,Gateron X
38.4,1.89,0,Gateron X
38.4,1.885,0,Gateron X
38.4,1.88,0,Gateron X
38.5,1.87,0,Gateron X
38.4,1.865,0,Gateron X
38.3,1.86,0,Gateron X
38.3,1.855,0,Gateron X
38.2,1.855,0,Gateron X
38.2,1.85,0,Gateron X
38.1,1.845,0,Gateron X
38.1,1.845,0,Gateron X
38.1,1.84,0,Gateron X
38,1.835,0,Gateron X
37.9,1.835,0,Gateron X
38,1.83,0,Gateron X
38,1.82,0,Gateron X
37.8,1.815,0,Gateron X
37.7,1.81,0,Gateron X
37.8,1.8,0,Gateron X
37.8,1.79,0,Gateron X
37.7,1.785,0,Gateron X
37.5,1.78,0,Gateron X
37.5,1.77,0,Gateron X
37.5,1.765,0,Gateron X
37.4,1.76,0,Gateron X
37.4,1.755,0,Gateron X
37.6,1.75,0,Gateron X
37.6,1.75,0,Gateron X
37.2,1.745,0,Gateron X
37.2,1.745,0,Gateron X
37.3,1.74,0,Gateron X
37.2,1.735,0,Gateron X
37.1,1.73,0,Gateron X
37.2,1.73,0,Gateron X
37,1.725,0,Gateron X
36.9,1.725,0,Gateron X
37,1.715,0,Gateron X
37.1,1.71,0,Gateron X
36.9,1.71,0,Gateron X
36.8,1.705,0,Gateron X
36.8,1.7,0,Gateron X
36.7,1.695,0,Gateron X
36.8,1.695,0,Gateron X
36.8,1.69,0,Gateron X
36.7,1.685,0,Gateron X
36.6,1.685,0,Gateron X
36.6,1.68,0,Gateron X
36.5,1.68,0,Gateron X
36.6,1.675,0,Gateron X
36.4,1.675,0,Gateron X
36.4,1.67,0,Gateron X
36.3,1.665,0,Gateron X
36.4,1.665,0,Gateron X
36.3,1.66,0,Gateron X
36.4,1.66,0,Gateron X
36.2,1.66,0,Gateron X
36.2,1.655,0,Gateron X
36.2,1.655,0,Gateron X
36.2,1.655,0,Gateron X
36.2,1.65,0,Gateron X
36,1.65,0,Gateron X
36.2,1.645,0,Gateron X
36.3,1.645,0,Gateron X
36.1,1.645,0,Gateron X
36,1.64,0,Gateron X
36.1,1.635,0,Gateron X
36.2,1.63,0,Gateron X
36.1,1.63,0,Gateron X
35.9,1.625,0,Gateron X
35.8,1.625,0,Gateron X
35.7,1.625,0,Gateron X
35.9,1.62,0,Gateron X
35.9,1.615,0,Gateron X
35.9,1.615,0,Gateron X
35.8,1.61,0,Gateron X
35.8,1.61,0,Gateron X
35.7,1.605,0,Gateron X
35.6,1.605,0,Gateron X
35.6,1.6,0,Gateron X
35.6,1.595,0,Gateron X
35.7,1.595,0,Gateron X
35.8,1.59,0,Gateron X
35.7,1.585,0,Gateron X
35.8,1.58,0,Gateron X
35.6,1.575,0,Gateron X
35.7,1.575,0,Gateron X
35.7,1.57,0,Gateron X
35.4,1.57,0,Gateron X
35.1,1.565,0,Gateron X
35.5,1.56,0,Gateron X
35.4,1.555,0,Gateron X
35.4,1.555,0,Gateron X
35.3,1.55,0,Gateron X
35.4,1.545,0,Gateron X
35.5,1.54,0,Gateron X
35.2,1.535,0,Gateron X
35.1,1.535,0,Gateron X
35.2,1.53,0,Gateron X
35.2,1.525,0,Gateron X
35.3,1.52,0,Gateron X
35.2,1.52,0,Gateron X
35.2,1.515,0,Gateron X
35.2,1.515,0,Gateron X
35,1.51,0,Gateron X
34.8,1.51,0,Gateron X
35,1.505,0,Gateron X
35,1.5,0,Gateron X
35,1.49,0,Gateron X
34.8,1.49,0,Gateron X
34.8,1.485,0,Gateron X
34.8,1.48,0,Gateron X
34.8,1.48,0,Gateron X
34.7,1.475,0,Gateron X
34.6,1.475,0,Gateron X
34.5,1.47,0,Gateron X
34.5,1.47,0,Gateron X
34.4,1.465,0,Gateron X
34.6,1.46,0,Gateron X
34.5,1.455,0,Gateron X
35.1,1.45,0,Gateron X
35.9,1.45,0,Gateron X
37.5,1.45,0,Gateron X
38,1.455,0,Gateron X
38.5,1.455,0,Gateron X
39.2,1.455,0,Gateron X
39,1.455,0,Gateron X
38.8,1.455,0,Gateron X
38.2,1.455,0,Gateron X
38.1,1.455,0,Gateron X
38,1.455,0,Gateron X
37.4,1.455,0,Gateron X
36.9,1.455,0,Gateron X
35.9,1.45,0,Gateron X
35,1.45,0,Gateron X
33.7,1.445,0,Gateron X
34.5,1.44,0,Gateron X
34.3,1.435,0,Gateron X
34.4,1.43,0,Gateron X
34.3,1.425,0,Gateron X
34.2,1.42,0,Gateron X
34.3,1.41,0,Gateron X
34.6,1.395,0,Gateron X
34.4,1.39,0,Gateron X
34.2,1.38,0,Gateron X
34.2,1.365,0,Gateron X
34.1,1.36,0,Gateron X
33.9,1.355,0,Gateron X
33.8,1.35,0,Gateron X
33.7,1.345,0,Gateron X
33.6,1.34,0,Gateron X
33.7,1.335,0,Gateron X
33.5,1.33,0,Gateron X
33.5,1.32,0,Gateron X
33.4,1.315,0,Gateron X
33.3,1.31,0,Gateron X
33.4,1.305,0,Gateron X
33.3,1.3,0,Gateron X
33.3,1.295,0,Gateron X
33.1,1.29,0,Gateron X
33.1,1.285,0,Gateron X
33.1,1.28,0,Gateron X
33,1.275,0,Gateron X
32.9,1.27,0,Gateron X
32.9,1.265,0,Gateron X
33.1,1.265,0,Gateron X
32.6,1.26,0,Gateron X
32.5,1.26,0,Gateron X
32.7,1.255,0,Gateron X
32.8,1.25,0,Gateron X
32.7,1.245,0,Gateron X
32.7,1.24,0,Gateron X
32.8,1.235,0,Gateron X
32.7,1.23,0,Gateron X
32.7,1.22,0,Gateron X
32.7,1.21,0,Gateron X
32.7,1.205,0,Gateron X
32.5,1.2,0,Gateron X
32.4,1.19,0,Gateron X
32.3,1.185,0,Gateron X
32.3,1.18,0,Gateron X
32.4,1.17,0,Gateron X
32.3,1.16,0,Gateron X
32.3,1.155,0,Gateron X
32.4,1.145,0,Gateron X
32.3,1.14,0,Gateron X
32.3,1.135,0,Gateron X
32,1.13,0,Gateron X
32,1.125,0,Gateron X
32,1.12,0,Gateron X
31.7,1.115,0,Gateron X
31.8,1.11,0,Gateron X
31.8,1.105,0,Gateron X
31.8,1.095,0,Gateron X
31.8,1.09,0,Gateron X
31.8,1.08,0,Gateron X
31.8,1.075,0,Gateron X
31.8,1.07,0,Gateron X
31.6,1.065,0,Gateron X
31.6,1.06,0,Gateron X
31.5,1.055,0,Gateron X
31.5,1.05,0,Gateron X
31.4,1.045,0,Gateron X
31.3,1.04,0,Gateron X
31.5,1.035,0,Gateron X
31.4,1.03,0,Gateron X
31.2,1.025,0,Gateron X
31.1,1.02,0,Gateron X
31.2,1.01,0,Gateron X
31.2,1.005,0,Gateron X
31.3,1,0,Gateron X
30.8,0.995,0,Gateron X
31,0.99,0,Gateron X
31,0.985,0,Gateron X
30.7,0.98,0,Gateron X
30.7,0.975,0,Gateron X
30.7,0.97,0,Gateron X
30.7,0.97,0,Gateron X
30.6,0.965,0,Gateron X
30.7,0.96,0,Gateron X
30.4,0.955,0,Gateron X
30.5,0.955,0,Gateron X
30.6,0.95,0,Gateron X
30.6,0.945,0,Gateron X
30.1,0.94,0,Gateron X
30.1,0.935,0,Gateron X
30.3,0.93,0,Gateron X
30.3,0.925,0,Gateron X
30.2,0.92,0,Gateron X
30.2,0.915,0,Gateron X
30.2,0.91,0,Gateron X
30,0.91,0,Gateron X
30,0.905,0,Gateron X
30.1,0.9,0,Gateron X
29.8,0.895,0,Gateron X
29.8,0.895,0,Gateron X
29.8,0.885,0,Gateron X
29.8,0.88,0,Gateron X
29.7,0.875,0,Gateron X
29.8,0.87,0,Gateron X
29.7,0.865,0,Gateron X
29.6,0.865,0,Gateron X
29.5,0.86,0,Gateron X
29.7,0.855,0,Gateron X
29.6,0.85,0,Gateron X
29.6,0.845,0,Gateron X
29.6,0.84,0,Gateron X
29.5,0.84,0,Gateron X
29.3,0.835,0,Gateron X
29.4,0.83,0,Gateron X
29.2,0.825,0,Gateron X
29.2,0.82,0,Gateron X
29.4,0.815,0,Gateron X
29.4,0.81,0,Gateron X
29.4,0.805,0,Gateron X
29.1,0.8,0,Gateron X
29.2,0.795,0,Gateron X
29.2,0.795,0,Gateron X
29.1,0.79,0,Gateron X
29.1,0.78,0,Gateron X
29,0.775,0,Gateron X
28.9,0.77,0,Gateron X
28.9,0.765,0,Gateron X
28.8,0.76,0,Gateron X
28.7,0.76,0,Gateron X
28.7,0.755,0,Gateron X
28.6,0.75,0,Gateron X
28.5,0.745,0,Gateron X
28.6,0.74,0,Gateron X
28.5,0.73,0,Gateron X
28.5,0.725,0,Gateron X
28.6,0.725,0,Gateron X
28.4,0.72,0,Gateron X
28,0.715,0,Gateron X
28.4,0.71,0,Gateron X
28.2,0.7,0,Gateron X
28.2,0.695,0,Gateron X
28.3,0.69,0,Gateron X
28.2,0.68,0,Gateron X
28.1,0.675,0,Gateron X
28,0.67,0,Gateron X
28.2,0.665,0,Gateron X
28.2,0.66,0,Gateron X
27.8,0.655,0,Gateron X
28,0.65,0,Gateron X
28.1,0.645,0,Gateron X
27.9,0.64,0,Gateron X
27.8,0.635,0,Gateron X
27.8,0.63,0,Gateron X
27.7,0.625,0,Gateron X
27.9,0.62,0,Gateron X
27.8,0.615,0,Gateron X
27.6,0.61,0,Gateron X
27.6,0.605,0,Gateron X
27.8,0.595,0,Gateron X
27.7,0.595,0,Gateron X
27.4,0.59,0,Gateron X
27.4,0.585,0,Gateron X
27.6,0.58,0,Gateron X
27.5,0.575,0,Gateron X
27.7,0.565,0,Gateron X
27.7,0.565,0,Gateron X
27.6,0.56,0,Gateron X
27.7,0.555,0,Gateron X
27.6,0.55,0,Gateron X
27.5,0.545,0,Gateron X
27.5,0.54,0,Gateron X
27.5,0.535,0,Gateron X
27.5,0.53,0,Gateron X
27.7,0.52,0,Gateron X
27.7,0.515,0,Gateron X
27.6,0.505,0,Gateron X
27.4,0.5,0,Gateron X
27.4,0.495,0,Gateron X
27.4,0.49,0,Gateron X
27.4,0.485,0,Gateron X
27.4,0.48,0,Gateron X
27.4,0.475,0,Gateron X
27.4,0.47,0,Gateron X
27.3,0.465,0,Gateron X
27.4,0.46,0,Gateron X
27.5,0.46,0,Gateron X
27.6,0.455,0,Gateron X
27.6,0.455,0,Gateron X
27,0.455,0,Gateron X
27,0.45,0,Gateron X
27.2,0.445,0,Gateron X
27.2,0.44,0,Gateron X
27.1,0.435,0,Gateron X
27.3,0.425,0,Gateron X
27.3,0.42,0,Gateron X
27.4,0.415,0,Gateron X
27.4,0.41,0,Gateron X
27.2,0.405,0,Gateron X
27.1,0.4,0,Gateron X
27.2,0.395,0,Gateron X
27.3,0.39,0,Gateron X
27.3,0.385,0,Gateron X
27.3,0.38,0,Gateron X
27.2,0.375,0,Gateron X
27.3,0.37,0,Gateron X
27.3,0.365,0,Gateron X
27.2,0.365,0,Gateron X
27.1,0.36,0,Gateron X
27.3,0.355,0,Gateron X
27.5,0.345,0,Gateron X
27.4,0.34,0,Gateron X
27.3,0.335,0,Gateron X
27.3,0.33,0,Gateron X
24,0.325,0,Gateron X
19.4,0.315,0,Gateron X
14.7,0.31,0,Gateron X
12.3,0.305,0,Gateron X
11.6,0.3,0,Gateron X
8.3,0.295,0,Gateron X
5.5,0.29,0,Gateron X
2.7,0.285,0,Gateron X
0.4,0.28,0,Gateron X
0.1,0.275,0,Gateron X
0.1,0.265,0,Gateron X
0,0.25,0,Gateron X
0,0.24,0,Gateron X
0,0.23,0,Gateron X
0.1,0.22,0,Gateron X
0.1,0.215,0,Gateron X
0,0.205,0,Gateron X
0,0.2,0,Gateron X
0,0.19,0,Gateron X
0.1,0.185,0,Gateron X
0,0.175,0,Gateron X
0,0.165,0,Gateron X
0,0.16,0,Gateron X
0.1,0.15,0,Gateron X
0,0.13,0,Gateron X
0,0.11,0,Gateron X
0,0.095,0,Gateron X
0.1,0.08,0,Gateron X
0.2,0.065,0,Gateron X
0,0.045,0,Gateron X
-0.1,0.025,0,Gateron X
0.1,0.01,0,Gateron X
0,0,0,Gateron X
-0.1,-0.005,0,Gateron X
0.1,-0.02,0,Gateron X
0.2,-0.035,0,Gateron X
0.1,-0.045,0,Gateron X
-0.1,-0.05,0,Gateron X
0.4,-0.045,0,Gateron X
0.2,-0.045,0,Gateron X
0.1,-0.045,0,Gateron X
0,-0.045,0,Gateron X
0,-0.045,0,Gateron X
0.1,-0.045,0,Gateron X
0.2,-0.04,0,Gateron X
0,-0.04,0,Gateron X
0.1,-0.04,0,Gateron X
0,-0.04,0,Gateron X
0,-0.04,0,Gateron X
0,-0.04,0,Gateron X
0,-0.04,0,Gateron X
0.1,-0.04,0,Gateron X
0,-0.04,0,Gateron X
0,-0.04,0,Gateron X
-0.1,-0.04,0,Gateron X
